id,first_name,last_name,email,city
1,Andrew,Young,a.m.young89@yahoo.com,Ocate
2,Danielle,Harris,daharris@outlook.com,Fielding
3,Claire,Williams,claire.williams@yahoo.com,Hawley
4,Charlotte,Ward,charlotte32@ymail.com,The Plains
5,Owen,Allen,owen.a.allen@gmail.com,Troy
6,David,Alexander,d.alexander36@gmail.com,Taftville
7,Robert,Perez,robert61@ymail.com,Moscow
8,Samantha,Rogers,s_rogers@live.com,Williston
9,Emma,Peterson,e.peterson@rocketmail.com,Reading
10,Jack,Cooper,jackallen@outlook.com,Jacksonville
11,Oliver,Coleman,ojcoleman@live.com,Bayonne
12,Samantha,Taylor,s.taylor83@yahoo.com,Montrose
13,Brianna,Murphy,briannaleemurphy@yahoo.com,Galesburg
14,Chelsea,Perry,c.r.perry@hotmail.com,Salisbury Mills
15,Lillian,Wood,lillian.wood@gmail.com,Grant
16,Grace,Lee,g.lee16@outlook.com,Livingston
17,Maria,Murphy,m_murphy@yahoo.com,Mascoutah
18,Erin,Campbell,e_a_campbell65@ymail.com,Savannah
19,Michael,Nelson,michaelallen@aol.com,Williams
20,Brandon,Davis,bdavis16@aol.com,Worden
21,Mary,Jackson,mary_jackson@gmail.com,Fruita
22,Owen,Brown,owen_george_brown5@gmail.com,Sacramento
23,Natalie,Rodriguez,natalie_rodriguez@yahoo.com,El Paso
24,Thomas,Lewis,t_lewis@rocketmail.com,Argos
25,Hannah,Edwards,h_n_edwards@outlook.com,Slater
26,Oliver,Davis,oliverdavis@hotmail.com,Memphis
27,Mateo,King,mateo45@aol.com,Pinto
28,Brianna,Hall,brianna.hall@aol.com,Dillsboro
29,Thomas,Lewis,thomas@live.com,Eau Claire
30,Isabella,Adams,isabella_sue@gmail.com,Salt Point
31,Olivia,Hill,oliviamhill44@aol.com,Spokane
32,Owen,Bailey,owenj@rocketmail.com,Havana
33,Tiffany,Bennett,t.bennett41@gmail.com,Kingsburg
34,Dylan,Davis,ddavis@outlook.com,Altus
35,Samantha,Jones,samantham@live.com,Des Moines
36,Kaitlyn,Moore,kaitlyn_grace_moore@hotmail.com,Palms
37,Rebecca,Brooks,rjbrooks2@ymail.com,Guerneville
38,Brianna,Price,brianna_faith_price@ymail.com,East Greenwich
39,James,Robinson,james_l_robinson@hotmail.com,Marland
40,Jack,Harris,jack_harris@ymail.com,Kokomo
41,Amber,Parker,aparker@hotmail.com,Fair Haven
42,Julian,Hill,j.hill@ymail.com,Bradfordwoods
43,Kelsey,Jackson,kelsey.f.jackson@yahoo.com,Chester
44,Alexandra,Gray,alexandra@gmail.com,Greenfield
45,Alexis,Rogers,alexis_j_rogers@yahoo.com,Springfield
46,Sean,Gonzales,s_gonzales@gmail.com,Hinckley
47,Sofia,Bryant,s_bryant@live.com,Darwin
48,Michelle,Brooks,mjbrooks@hotmail.com,Augusta
49,Samuel,Rivera,s_h_rivera@aol.com,Port Matilda
50,Hannah,Miller,hannah.rose.miller@hotmail.com,Haymarket
51,Evelyn,Mitchell,e.mitchell@outlook.com,Annemanie
52,Jeremy,Moore,j.moore@live.com,Thousand Oaks
53,Dylan,Butler,dylanbutler@gmail.com,Geuda Springs
54,Kaitlyn,Long,k_n_long@gmail.com,Ocheyedan
55,Jennifer,Cook,jcook41@gmail.com,Yonkers
56,Abigail,Johnson,ajohnson@ymail.com,Wilkes Barre
57,Steven,Morris,s_morris@gmail.com,Mcallen
58,Allison,Davis,allisonadavis@outlook.com,Richland
59,Grace,Watson,g_f_watson@ymail.com,Jeffersonville
60,Kelsey,Hayes,kelsey_hayes@live.com,Owanka
61,Mary,Green,megreen@rocketmail.com,Nashville
62,Dylan,Long,dwlong26@yahoo.com,Nabb
63,Joshua,Bennett,j.bennett@gmail.com,Wright
64,Audrey,Bennett,abennett@gmail.com,Foxboro
65,Alexis,Sanders,a.g.sanders@gmail.com,Crowley
66,Jason,Griffin,j.m.griffin@gmail.com,Claremont
67,Rebecca,Thompson,rebeccam@rocketmail.com,Lincoln
68,Emily,Moore,emily_m_moore@rocketmail.com,Afton
69,Allison,Sanchez,arsanchez@gmail.com,Luttrell
70,Dylan,Hill,d.m.hill33@yahoo.com,Chicago
71,Maria,Hernandez,maria.hernandez@outlook.com,Brady
72,John,Brooks,john_allen54@ymail.com,Ulmer
73,Tyler,Hayes,tyler_hayes@yahoo.com,Portlandville
74,Megan,Smith,m_smith@gmail.com,Verner
75,Justin,Wood,jwood93@yahoo.com,Berkeley
76,Alyssa,White,alyssa.ruth.white@aol.com,Hopkinton
77,Patrick,Perry,p.perry@rocketmail.com,Raleigh
78,David,Parker,d.w.parker@outlook.com,Dallas
79,Anthony,Griffin,a.j@yahoo.com,Benezett
80,Heather,Flores,heather.renee.flores@hotmail.com,Southside
81,Danielle,Hayes,danielleelizabethhayes26@rocketmail.com,Ranchita
82,Katherine,Brooks,k_brooks@yahoo.com,Popejoy
83,Anna,Moore,anna_m_moore@aol.com,Schofield Barracks
84,Oliver,Bailey,oliver_bailey94@rocketmail.com,Cecilia
85,Sean,Bryant,seanbryant@yahoo.com,Danville
86,Anthony,Alexander,a_h@hotmail.com,Plainville
87,Joshua,Kelly,joshua@live.com,Hampton
88,Heather,Thomas,h_l@hotmail.com,Sturdivant
89,Haley,Robinson,haley_robinson@ymail.com,Davis Station
90,Audrey,Adams,a.adams@live.com,Piney View
91,Jennifer,Hall,jhall9@aol.com,South Cairo
92,Michael,Simmons,m.t.simmons@gmail.com,Clyde
93,Justin,Lewis,jclewis@hotmail.com,Corona
94,Taylor,Simmons,taylor.irene.simmons70@yahoo.com,Richmond
95,William,Thomas,w.thomas@ymail.com,Fort Knox
96,Kayla,Williams,k.m73@outlook.com,Yale
97,David,Jackson,djackson47@gmail.com,South Grafton
98,Sean,Scott,srscott8@yahoo.com,Laurel Bloomery
99,Amelia,Flores,amelia_flores@rocketmail.com,Hudson
100,Isabella,Carter,icarter9@rocketmail.com,Glen Lyon
101,Kayla,Price,kayla_j@outlook.com,Dunmor
102,Justin,Williams,j_a@outlook.com,Fort Myers Beach
103,Jonathan,Thompson,jonathaneugene@outlook.com,Colbert
104,Brianna,Adams,brianna7@hotmail.com,Jacksonville
105,Jason,Edwards,jasonedwards@aol.com,John Day
106,David,Miller,d_miller@rocketmail.com,Mallory
107,Natalie,Patterson,n.l.patterson@ymail.com,Bloomingrose
108,Joseph,Parker,jparker@outlook.com,Point Hope
109,Dylan,Davis,dmdavis@ymail.com,South Lake Tahoe
110,Timothy,Long,timothy_j_long@ymail.com,Centralia
111,Isaac,Parker,isaac_parker@outlook.com,Wilmington
112,Alexandra,Simmons,a.l.simmons@ymail.com,Fort Washington
113,Joshua,Clark,jhclark@live.com,Mullen
114,Taylor,Washington,taylor.j30@live.com,Laurel Springs
115,Sean,Jackson,s_j_jackson@aol.com,Fall River
116,Joshua,Price,j.price@ymail.com,Chicago
117,Theodore,Parker,theodore.r.parker@yahoo.com,Money
118,Hannah,Rivera,hannah_m_rivera@rocketmail.com,Patrick
119,Joshua,Bryant,j_a@rocketmail.com,South Bend
120,Brittany,Collins,brittany.kay.collins@hotmail.com,Violet
121,Kimberly,Morgan,kimberlyamorgan@yahoo.com,Brooklyn
122,Steven,Harris,s_m_harris94@aol.com,Vanderbilt
123,Owen,Campbell,o.e.campbell@aol.com,Redfield
124,Michael,Phillips,michaelphillips@live.com,Dwight
125,Stephanie,Diaz,stephanie.diaz@hotmail.com,Cortland
126,Brittany,Morris,b_morris@aol.com,Mastic
127,Mary,Martinez,mary.j.martinez@outlook.com,Saint Cloud
128,Tyler,Roberts,t_roberts@rocketmail.com,Wallace
129,Oliver,Washington,o_washington@gmail.com,Adel
130,Sebastian,Ramirez,s.ramirez@rocketmail.com,Grand Rapids
131,Samantha,Flores,smflores@rocketmail.com,Cohagen
132,Austin,Jackson,austin.jackson@yahoo.com,Annville
133,Charles,Campbell,charles_t_campbell@ymail.com,Sacramento
134,Haley,Ward,haley_margaret_ward@aol.com,Rosser
135,Jessica,Lopez,j_lopez@ymail.com,Summit Station
136,Courtney,Barnes,courtney_faith_barnes@aol.com,Matthews
137,Jason,Richardson,j.richardson64@aol.com,Hawthorne
138,Thomas,Young,thomas_young@outlook.com,North Bay
139,Melissa,Brown,m.brown@gmail.com,Hickman
140,Michael,Cox,michaelcox@hotmail.com,Hatfield
141,Ryan,Reed,r.j.reed5@ymail.com,Bakersfield
142,Dylan,Green,dylan@gmail.com,Bryants Store
143,Ava,Hill,ava_m_hill@hotmail.com,Big Creek
144,Allison,Bell,a.bell@ymail.com,Clearlake
145,Hannah,Simmons,h.j.simmons@outlook.com,Beaver Springs
146,Claire,Edwards,ce@ymail.com,Max
147,Matthew,Campbell,m_campbell@rocketmail.com,Usk
148,Justin,Martinez,justin.martinez@yahoo.com,Flatwoods
149,Alexis,Lewis,alexis.sue.lewis@yahoo.com,Bound Brook
150,Robert,Wood,robert76@rocketmail.com,Phoenix
151,Rebecca,Martin,re@outlook.com,Stennis Space Center
152,Jeremy,Stewart,jeremystewart@outlook.com,Buzzards Bay
153,Taylor,Sanchez,taylor_sanchez@hotmail.com,Tracy
154,Oliver,Gray,ogray@hotmail.com,Glen Allen
155,Katherine,Ward,katherinedawnward@gmail.com,Veyo
156,Ryan,Henderson,r_henderson@aol.com,Padroni
157,Mark,Wilson,mark.c83@ymail.com,Kansas City
158,Claire,James,cmjames@outlook.com,Canton
159,Alexandra,Cox,alcox63@aol.com,Georgetown
160,James,Diaz,jamesdiaz@outlook.com,Robbins
161,Zachary,Garcia,z_d_garcia20@rocketmail.com,Gate
162,Joshua,Clark,jwclark@hotmail.com,Irasburg
163,Lauren,Cox,l_r@aol.com,Langston
164,Olivia,Brooks,oliviarenee98@rocketmail.com,Benson
165,Dylan,Wilson,dylan@gmail.com,Yatahey
166,Nathan,Hall,nathanhall@gmail.com,Buena
167,Jonathan,Alexander,j_e_alexander@gmail.com,Guysville
168,Joshua,Price,joshuathomasprice@aol.com,Damascus
169,Chelsea,Bennett,chelsea_r@outlook.com,Ethel
170,Kyle,Jenkins,kcjenkins@ymail.com,Conway
171,Kevin,Lopez,klopez@hotmail.com,New York
172,Abigail,Parker,abigailrparker@yahoo.com,Atlanta
173,Jennifer,Sanders,jmsanders@outlook.com,Lublin
174,Allison,Kelly,allison_kelly@outlook.com,Bellevue
175,Joshua,Garcia,j_s_garcia@aol.com,Brooklyn
176,Abigail,Patterson,a_l@yahoo.com,Flagstaff
177,Courtney,Hill,courtney@hotmail.com,Newmanstown
178,Taylor,Thomas,t_thomas9@gmail.com,Perkins
179,Anthony,Hall,ahall4@yahoo.com,Gibson
180,Maria,Bailey,maria@ymail.com,Knoxville
181,Matthew,Jackson,matthew.jackson@hotmail.com,Marion
182,Gabriel,Young,g.a.young@ymail.com,Bulverde
183,Robert,Hernandez,rfhernandez@live.com,Emeryville
184,Steven,Perry,s_d_perry@live.com,Clinton
185,Katherine,Davis,k.r.davis7@hotmail.com,Prattsville
186,Timothy,Alexander,t.m.alexander22@yahoo.com,Biscoe
187,Jeremy,Alexander,j.alexander@outlook.com,Sanbornville
188,Stephen,Turner,s.turner@ymail.com,Sanborn
189,Nicholas,Hayes,nicholas_hayes@outlook.com,Sadler
190,Dylan,Price,d_r_price@hotmail.com,Rapids City
191,Alyssa,Smith,a.a.smith@live.com,Omaha
192,Gabriel,Simmons,gabriel_simmons@aol.com,Corunna
193,Danielle,Gray,dgray@live.com,Silver Spring
194,Andrew,Mitchell,amitchell@ymail.com,New York
195,Courtney,Perez,courtney_perez@aol.com,Vanlue
196,Sebastian,Taylor,s_taylor12@rocketmail.com,San Antonio
197,Jason,Simmons,jason_wayne@aol.com,Bone Lake
198,Rebecca,Jenkins,r.a.jenkins@ymail.com,Henderson
199,Amber,Miller,a.a.miller@gmail.com,Estes Park
200,Courtney,Rivera,courtney.rivera@outlook.com,Tuscaloosa
201,Charles,Allen,c.a.allen@outlook.com,Afton
202,Benjamin,Davis,benjaminwdavis7@aol.com,Ohley
203,Benjamin,Williams,benjaminwilliams@rocketmail.com,Roslyn
204,Tiffany,Rodriguez,t.rodriguez@live.com,Coulee City
205,Brian,Roberts,b_e_roberts@aol.com,Freeland
206,Michael,Ross,michael.l.ross@rocketmail.com,Saint Francis
207,Alexandra,Russell,alexandra.s@live.com,Morristown
208,Layla,Sanders,layla_anne_sanders91@outlook.com,Schaumburg
209,Kelsey,Kelly,kelseykelly@aol.com,La Pryor
210,Kayla,Lewis,kayla.margaret.lewis@gmail.com,Oxnard
211,Kimberly,Gray,kimberly.gray@gmail.com,Condon
212,Oliver,Bryant,oliverbryant@live.com,Minnie
213,Stephen,White,s_white@aol.com,Stella
214,Audrey,Mitchell,audrey.k.mitchell@gmail.com,Haddam
215,Ryan,Moore,rjmoore@rocketmail.com,Sarasota
216,Olivia,Long,o.r.long@live.com,Wimbledon
217,Brandon,Cox,b_w_cox44@outlook.com,Philadelphia
218,Amber,Richardson,amberrichardson@gmail.com,Ellington
219,Jonathan,Martin,j_h@aol.com,Willard
220,Dylan,Henderson,d_s@hotmail.com,Zeigler
221,Brittany,Young,b.l.young@aol.com,Lemont
222,Samantha,Bryant,samanthalbryant63@ymail.com,Middlebury
223,Claire,Brown,c_a_brown61@outlook.com,Berwind
224,Joseph,James,j.james@ymail.com,Cropsey
225,Zachary,Reed,zachary_reed74@gmail.com,Carlisle
226,Robert,Smith,robertsmith@ymail.com,Mauckport
227,Jose,Rogers,j.e.rogers32@gmail.com,Morvin
228,Amber,Davis,adavis15@ymail.com,Clarkrange
229,Brianna,Stewart,brianna_irene27@live.com,Walnut Creek
230,Olivia,Young,o.young@rocketmail.com,Bryants Store
231,Chelsea,Jenkins,c.m@outlook.com,Gould City
232,Julian,Hayes,julian_hayes27@live.com,Chesapeake
233,Lauren,Jenkins,lauren_lynn_jenkins@ymail.com,Schaumburg
234,Mateo,Jones,m_r_jones88@hotmail.com,Ingalls
235,Aaron,Sanders,aaron@rocketmail.com,Twin Peaks
236,Christina,Wright,christina_louise_wright@ymail.com,Hadar
237,Maria,Howard,mrhoward@ymail.com,Hickory
238,Eleanor,Murphy,eleanor.murphy@ymail.com,Kermit
239,Sean,Hall,s.a@aol.com,Eatontown
240,Andrew,Morgan,andrewrichardmorgan@outlook.com,Ravensdale
241,Theodore,Smith,theodore.r.smith@rocketmail.com,Amana
242,Nicholas,Anderson,nicholas.edward@gmail.com,Fremont
243,Heather,Martin,h.martin@yahoo.com,Onemo
244,Ashley,Bailey,a.e.bailey59@aol.com,Central City
245,Benjamin,Ross,benjamin_francis_ross@gmail.com,Jackson
246,Amber,Howard,amber_howard@hotmail.com,Milton
247,Heather,Diaz,heather.ann.diaz@rocketmail.com,Brick
248,Layla,Ross,l_l_ross@aol.com,Atkins
249,Gabriel,Coleman,gabrieldcoleman@aol.com,San Diego
250,Michael,Campbell,michael.campbell@yahoo.com,Graham
251,Natalie,Collins,n_m@gmail.com,Snellville
252,Jack,Brooks,jack_f_brooks88@gmail.com,Pembroke
253,Ava,Mitchell,ava_m_mitchell@aol.com,Kirkersville
254,Isabella,Lopez,isabella_m_lopez@ymail.com,Dana Point
255,David,Butler,d.a.butler@outlook.com,Matamoras
256,Danielle,Hernandez,d.l.hernandez@hotmail.com,Ruffs Dale
257,Oliver,Ward,oward@aol.com,Plato
258,Alyssa,Phillips,alyssa_phillips@outlook.com,Omaha
259,Rachel,Clark,rclark@live.com,Montgomery
260,Victoria,Hernandez,victoria.r.hernandez@aol.com,Morgantown
261,Nicholas,Allen,nicholas.allen@hotmail.com,Waldoboro
262,Patrick,Martin,patrick_martin@yahoo.com,Albany
263,Jonathan,Parker,j.g.parker@gmail.com,Monticello
264,Zachary,Smith,zacharysmith@hotmail.com,Westlake
265,Erin,Williams,e.l.williams35@yahoo.com,Saint Amant
266,Dylan,Robinson,dylan_michael_robinson7@aol.com,Newport
267,Aaron,Patterson,aaron.d.patterson@live.com,Radcliff
268,Isaac,Lopez,i_lopez@rocketmail.com,Fort Lupton
269,Kimberly,Cook,kmcook@outlook.com,Collinsville
270,Charlotte,Sanders,charlottesanders20@hotmail.com,Caliente
271,Olivia,Moore,olivia_m_moore@yahoo.com,Brookline Station
272,Michael,Murphy,mmmurphy@gmail.com,Dahlonega
273,Nathan,Collins,nathan_collins@rocketmail.com,Tiverton
274,Alexis,Peterson,a.peterson@gmail.com,Burkeville
275,Richard,Alexander,richard@ymail.com,Sundown
276,Jasmine,Perry,j.r.perry8@outlook.com,Poplar
277,Christopher,Jackson,christopherfjackson@live.com,Tillamook
278,Amber,Morris,a_m_morris@gmail.com,Happy
279,Richard,Rogers,r_rogers@rocketmail.com,Averill Park
280,Nicole,Morgan,n_morgan@gmail.com,Hicksville
281,Adam,Sanders,adam_sanders@hotmail.com,Sanborn
282,Tyler,Perez,tyler@gmail.com,Mccutcheon Field
283,Austin,Davis,a_j_davis@live.com,Spottswood
284,Tiffany,Parker,tmparker@rocketmail.com,Topeka
285,Ryan,Simmons,r_simmons52@live.com,Melrose Park
286,Christopher,Perry,c_g_perry@ymail.com,Robeline
287,Oliver,Jackson,o.jackson3@gmail.com,Pacific Beach
288,Jennifer,Davis,j.davis@yahoo.com,Ridgewood
289,Ethan,Reed,ethan.j.reed@live.com,Yorktown Heights
290,Lauren,Rodriguez,lrodriguez@live.com,Lexington
291,Alexis,Mitchell,a_d_mitchell38@gmail.com,Gulfport
292,Eleanor,Powell,egpowell@live.com,Fort Dodge
293,Victoria,Gray,victoriamgray@aol.com,Hancocks Bridge
294,Joshua,Richardson,j.a.richardson@hotmail.com,Wallace
295,Kevin,Patterson,kevin@hotmail.com,Orangeburg
296,Emma,Campbell,e_l_campbell@ymail.com,South Fallsburg
297,Nicholas,Alexander,nicholas.joseph@hotmail.com,South Bend
298,Olivia,Ramirez,olivia_ramirez@gmail.com,Summerlin South
299,Steven,Thompson,s_j@rocketmail.com,Memphis
300,Jose,Bryant,j_a_bryant43@rocketmail.com,Walkertown
301,Theodore,Johnson,theodorejjohnson@gmail.com,Austin
302,Eleanor,Roberts,e.i94@aol.com,Swan Lake
303,Charles,Richardson,charles_richardson@live.com,Utica
304,Ava,Murphy,ava_murphy2@hotmail.com,Vancleve
305,Dylan,Wood,dylan_wood@gmail.com,Craig
306,Brian,Ward,b_m28@aol.com,Alloway
307,Sebastian,Green,sebastianwaynegreen57@yahoo.com,Levittown
308,Abigail,James,a_james@yahoo.com,Webb
309,Aaron,Hughes,aehughes@rocketmail.com,Amber
310,Nathan,Allen,nallen@outlook.com,Pinon
311,Isaac,Coleman,isaac.william@aol.com,Elkton
312,Steven,Sanchez,s_t_sanchez@ymail.com,Las Vegas
313,Charles,Patterson,cmpatterson@yahoo.com,New Creek
314,Hannah,Martinez,hannah.martinez@gmail.com,Buras
315,Charlotte,Barnes,charlottebarnes@hotmail.com,McCaskill
316,Michael,Bryant,m.bryant@ymail.com,Helenville
317,Adam,Cox,ajcox@live.com,Sun Valley
318,Isabella,Barnes,ibarnes@live.com,Sonnette
319,Owen,Edwards,owen.andrew.edwards@outlook.com,Topeka
320,Alexandra,Anderson,alexandra_m_anderson@outlook.com,Sasabe
321,Kayla,Flores,k.r.flores@rocketmail.com,Hector
322,Rebecca,Barnes,rbarnes@live.com,Columbia
323,Jasmine,Sanders,jasmine.rose.sanders18@aol.com,Salt Lake City
324,Laura,James,lrjames61@yahoo.com,Wendell
325,Claire,Ward,c.l.ward@rocketmail.com,Piedmont
326,Andrew,Foster,andrewthomas@ymail.com,Covington
327,Ava,Rodriguez,ava_f_rodriguez@ymail.com,Baltimore
328,Sebastian,Lewis,sd@yahoo.com,Spalding
329,William,Bell,william.bell@ymail.com,Childress
330,Richard,Powell,richard_powell@ymail.com,Wartrace
331,Sara,Lee,sara.lee@hotmail.com,Grand Prairie
332,Olivia,Turner,o_l31@yahoo.com,Rutland
333,Matthew,Barnes,mjbarnes@ymail.com,Lynchburg
334,Ethan,Young,e_young76@yahoo.com,Quincy
335,Eric,Scott,e_c_scott@ymail.com,Loup City
336,Amanda,Hill,a_hill8@gmail.com,Loco
337,Grace,Lewis,gracelewis@gmail.com,Milwaukee
338,Aubrey,Roberts,aubrey.may.roberts@aol.com,New York
339,Jonathan,Smith,jrsmith68@rocketmail.com,La Farge
340,Henry,Cox,h.a@rocketmail.com,Loving
341,Elizabeth,Davis,e_e_davis@yahoo.com,Grambling
342,Michelle,Lewis,m_g_lewis@outlook.com,Homestead
343,Chelsea,Hall,chelsea@ymail.com,Bainbridge
344,Sophia,Richardson,sjrichardson@aol.com,Temple
345,Jose,Thompson,josethompson@live.com,Walnut
346,Sarah,Miller,sarah.faith.miller@hotmail.com,Caspian
347,Julian,Hernandez,j.hernandez50@ymail.com,Redding
348,Tyler,Ramirez,tlramirez@rocketmail.com,Woodlawn
349,Jeremy,Thomas,jeremy.thomas24@yahoo.com,Pleasantville
350,Taylor,Baker,tbaker@ymail.com,Strasburg
351,Dylan,Cooper,dacooper@hotmail.com,Saint Peter
352,Alexandra,Murphy,a_l@live.com,Roslyn
353,Elizabeth,Davis,elizabethdavis@gmail.com,Weston
354,Jasmine,Baker,jasmine.m.baker@ymail.com,Anderson
355,Gabriel,Martin,gabrielmartin@gmail.com,Midlothian
356,Heather,Edwards,hedwards@hotmail.com,Delray Beach
357,Isaac,Rivera,isaac_rivera@rocketmail.com,Milton
358,Brian,Sanchez,b_sanchez@gmail.com,Auxvasse
359,Taylor,Mitchell,tmitchell66@yahoo.com,Waves
360,Dylan,Adams,d_adams@rocketmail.com,Hollywood
361,Ryan,Hernandez,r.hernandez@outlook.com,Roseville
362,Evelyn,Hill,evelynhill@rocketmail.com,Aberdeen
363,David,Parker,d_w77@outlook.com,Washburn
364,Tyler,Martin,tmartin@hotmail.com,Pittsburgh
365,Alexandra,Scott,alexandra_jean_scott@hotmail.com,Unionville
366,Dylan,Rodriguez,drodriguez@live.com,Crumrod
367,Aubrey,Henderson,ahenderson@hotmail.com,Houston
368,Ava,Thomas,ava_i_thomas@outlook.com,Union
369,Charles,Martin,charles.martin@outlook.com,Yanceyville
370,Alexis,Brooks,alexis43@outlook.com,Powderly
371,James,Lee,jlee@yahoo.com,Gainesville
372,Richard,Cox,richard_robert_cox62@outlook.com,Crestwood
373,Elizabeth,Adams,elizabeth_r_adams@outlook.com,Hector
374,Samuel,Hernandez,s.hernandez@outlook.com,Springdale
375,Anthony,Miller,a_miller@ymail.com,Westford
376,Jose,Jackson,jjjackson50@outlook.com,Brixey
377,Eleanor,Collins,e_collins@aol.com,Rexford
378,Sarah,Kelly,sarah.kelly@yahoo.com,Charlotte
379,Brittany,Roberts,brittany_m_roberts@outlook.com,Burnettsville
380,Julian,Brown,julian.wayne.brown19@gmail.com,Russellton
381,Kaitlyn,Perry,k_perry@live.com,Buckley
382,Samuel,Carter,sacarter@ymail.com,Turlock
383,Abigail,Rodriguez,arodriguez@outlook.com,Minden
384,Ava,Hughes,a.hughes14@live.com,Smithfield
385,Joseph,Richardson,jdrichardson@rocketmail.com,Portland
386,Oliver,Roberts,o_r_roberts@outlook.com,Des Moines
387,Ava,Hernandez,aval29@ymail.com,Earl
388,Laura,Evans,l.r.evans@outlook.com,Furlong
389,Ethan,Murphy,e_e@live.com,Ballengee
390,Jason,Adams,j.adams65@ymail.com,Sumner
391,James,Gonzales,james.allen.gonzales@rocketmail.com,Stockton
392,Anthony,Watson,anthony_james_watson18@ymail.com,Galveston
393,Kaitlyn,Long,kllong@live.com,Thurman
394,Aaron,Ross,aaron_ross@aol.com,Stonewall
395,Ethan,Russell,ethanrussell@aol.com,Turnerville
396,Lauren,Wood,lswood@hotmail.com,Akron
397,Adam,Perez,aperez@aol.com,Fallsburg
398,Brittany,White,brittany@outlook.com,Wrens
399,Chelsea,King,chelsea_irene@live.com,Delcambre
400,Joshua,Flores,j.flores@ymail.com,Irving
401,Daniel,Cooper,daniel.e.cooper@rocketmail.com,Oakland City
402,Charlotte,Perry,c.i.perry@ymail.com,Brookfield
403,Robert,Brooks,robert_brooks@live.com,Rosebud
404,Lillian,Clark,l_l_clark90@live.com,Minco
405,Alexander,Wilson,alexander_wilson89@yahoo.com,Knoxville
406,Jack,Lee,jack36@gmail.com,Banner
407,Joshua,Taylor,j_a_taylor95@aol.com,Forest Hill
408,Megan,Phillips,m_phillips@outlook.com,Fairplay
409,Jennifer,Brooks,j.a.brooks@outlook.com,Perkinston
410,Aaron,Robinson,a_robinson@aol.com,Stuttgart
411,Patrick,Turner,pturner@ymail.com,Slater
412,Owen,Hall,owen@yahoo.com,Tenstrike
413,Benjamin,Lee,benjaminlee@aol.com,Ripon
414,Andrew,Flores,a.r60@outlook.com,Buford
415,Sean,Washington,sean.a.washington@outlook.com,Roundup
416,Amber,Wright,a.g.wright@hotmail.com,Mercer
417,Isaac,Morgan,isaac_m_morgan@live.com,Albany
418,Stephen,Foster,s.a.foster@ymail.com,Lockesburg
419,Tyler,Roberts,tyler.w.roberts@gmail.com,Indianapolis
420,Thomas,Nelson,thomas_nelson@gmail.com,Plover
421,Grace,Taylor,g_taylor86@rocketmail.com,Lexington
422,Samuel,James,samuel@live.com,Petersburg
423,Timothy,Robinson,t.robinson@live.com,Rosebud
424,Christopher,Flores,c_flores@hotmail.com,San Clemente
425,Laura,Patterson,l.patterson@outlook.com,Tucson
426,Christopher,Collins,cacollins@yahoo.com,Newcomb
427,Jack,Roberts,j_roberts18@aol.com,Hendrum
428,Danielle,Davis,d_davis@gmail.com,West Palm Beach
429,Richard,Cook,richard_scott_cook@ymail.com,Carnesville
430,Megan,Miller,mlmiller@hotmail.com,Los Angeles
431,Gabriel,Thomas,g.s.thomas@live.com,Myton
432,Robert,Ward,r.r.ward@outlook.com,Monroe
433,Steven,Lee,s_lee@yahoo.com,Chester
434,Owen,Allen,owen@rocketmail.com,Scottville
435,Robert,Reed,robert.reed@live.com,Ridge
436,Courtney,Clark,courtney_clark@ymail.com,Jefferson
437,Stephanie,Jackson,stephanie.jackson7@outlook.com,Midkiff
438,Mark,Watson,mark_t_watson65@rocketmail.com,North Kingstown
439,Brian,Turner,b_h_turner@hotmail.com,Dallas
440,Tyler,Ross,tyler.matthew.ross@yahoo.com,Hudson
441,Jennifer,Bryant,j_bryant22@live.com,San Jose
442,Jason,Anderson,jason_a_anderson@live.com,Wilburton
443,Joshua,Gray,j.e.gray@hotmail.com,Martel
444,Anna,Price,annakprice@aol.com,Shawnee Mission
445,Justin,Harris,justin_harris@outlook.com,Fletcher
446,Andrew,Griffin,a.griffin74@outlook.com,Jack
447,Brianna,Simmons,briannasimmons@live.com,Erie
448,Alyssa,Wilson,a_wilson@hotmail.com,Colfax
449,Sara,Turner,sara_turner@hotmail.com,Doddsville
450,Maria,Barnes,mbarnes@rocketmail.com,Athens
451,Andrew,Long,andrewmlong@ymail.com,Mercer
452,Henry,Miller,henry_andrew_miller41@aol.com,Moss Beach
453,Haley,Brown,haley_brown25@gmail.com,Show Low
454,Nicholas,Walker,na@gmail.com,Bradley
455,Christopher,Sanders,christopher.sanders@outlook.com,Louisville
456,Kevin,Martin,k_martin@aol.com,Petersburg
457,Tiffany,Taylor,t_r_taylor@ymail.com,Heidrick
458,Tiffany,Richardson,tiffany_richardson@hotmail.com,Lynn
459,Anna,James,annajames41@rocketmail.com,Brush Valley
460,Jose,Parker,josewilliamparker@rocketmail.com,Palm Coast
461,Kyle,Anderson,k.anderson26@yahoo.com,Marietta
462,Anthony,Simmons,anthony_simmons@ymail.com,Roland
463,Nicole,Coleman,nicolecoleman25@rocketmail.com,Ivydale
464,Timothy,Johnson,t_j_johnson@live.com,Ancramdale
465,Kimberly,Sanders,k_sanders@live.com,Talco
466,Eric,Roberts,e.roberts@yahoo.com,Allen
467,Isaac,Moore,isaacmoore@hotmail.com,Milwaukee
468,Aiden,Evans,a.evans@hotmail.com,Pocatello
469,Michelle,Price,mprice92@gmail.com,Sacramento
470,Emily,Stewart,estewart@live.com,Ledbetter
471,Sean,Ross,sean_d_ross73@ymail.com,Brooklyn
472,Jason,Anderson,jason_s_anderson@gmail.com,Paducah
473,Stephanie,Coleman,s.coleman@yahoo.com,Millersport
474,Joshua,Clark,j_clark@outlook.com,Saint Mary Of The Woods
475,Nicole,Mitchell,nicole_mitchell@gmail.com,Kempster
476,Victoria,Wright,victoriasue93@hotmail.com,Philadelphia
477,Nicole,Campbell,nicole.r.campbell30@gmail.com,Cape Coral
478,Oliver,Green,oliver@ymail.com,San Leandro
479,Aaron,Jones,a.jones@rocketmail.com,Williamsburg
480,Amelia,Martin,a_j_martin@outlook.com,Watauga
481,Claire,Rodriguez,c.rodriguez@rocketmail.com,Athens
482,Alexander,Rivera,alexander_andrew_rivera@gmail.com,Castaic
483,Eric,Ross,eross@gmail.com,Chicago
484,Tiffany,Anderson,tiffany@yahoo.com,Gowrie
485,Heather,Wilson,heather.marie.wilson@ymail.com,Bendersville
486,Jose,Taylor,j_taylor@ymail.com,Gueydan
487,Jasmine,Walker,jasmine.nicole.walker@ymail.com,Saint Michaels
488,Isabella,Reed,i_reed@gmail.com,Springdale
489,Rebecca,Green,rsgreen@live.com,Stanton
490,Matthew,Walker,matthew_walker@gmail.com,Saint Petersburg
491,Aaron,Perez,a.perez@gmail.com,Sinai
492,Theodore,Miller,theodore_j@hotmail.com,Brownfield
493,Heather,Martinez,heather.j52@live.com,Sapulpa
494,Ryan,Hernandez,ryan46@yahoo.com,Sumneytown
495,Kimberly,Butler,k_butler@gmail.com,Williamsburg
496,Brianna,Washington,brianna_washington@yahoo.com,Sealevel
497,Matthew,Bell,m.w.bell59@ymail.com,Pennington
498,Austin,Wilson,a.m@yahoo.com,Hico
499,Sarah,Allen,sarahireneallen@gmail.com,Galva
500,Chelsea,Walker,c_m_walker@live.com,Rankin
501,Alexis,Scott,ascott@hotmail.com,Montpelier
502,Grace,Allen,graceallen42@rocketmail.com,Olustee
503,Mateo,Powell,m_g_powell@aol.com,Little Rock
504,Haley,Griffin,haley.mae.griffin@rocketmail.com,Kittredge
505,Eleanor,Green,eleanor.green@hotmail.com,Branson
506,Matthew,Bennett,m.j@yahoo.com,West Brookfield
507,Isabella,Jones,i_jones@live.com,Shirleysburg
508,Kayla,Stewart,k.j.stewart@yahoo.com,Linn
509,Brittany,Bailey,brittany_jane_bailey@gmail.com,Trent
510,Jessica,Rivera,jrivera@aol.com,Holmes City
511,David,Coleman,d.a.coleman@live.com,Dover
512,John,Rivera,john_j_rivera@gmail.com,Reed
513,Amber,Ross,amber.ross@yahoo.com,Etowah
514,Nicholas,Murphy,nmurphy33@live.com,Truxton
515,Alexandra,Diaz,alexandra.diaz@hotmail.com,Canal Fulton
516,Mateo,Rivera,mateo.rivera@live.com,Watts Bar Dam
517,Kyle,King,kylelking36@outlook.com,La Place
518,Eleanor,Morris,emorris@yahoo.com,Wausau
519,Ava,Bailey,a_r_bailey@hotmail.com,Plaquemine
520,Christopher,Brown,christopherjohn@outlook.com,McMechen
521,Melissa,Taylor,melissa.taylor7@hotmail.com,Bowbells
522,Amber,Rivera,amberrivera@rocketmail.com,Lufkin
523,Olivia,Anderson,olivia.anderson@yahoo.com,Montgomery
524,Dylan,Hughes,d_h_hughes@aol.com,Quinton
525,Maria,Williams,m_l_williams1@yahoo.com,Roxboro
526,Kayla,Morgan,kmorgan@live.com,Friday Harbor
527,Anthony,Moore,anthony_moore@gmail.com,San Diego
528,Alexander,Ross,a_l_ross@hotmail.com,Washington
529,Charlotte,Hughes,c_m_hughes@outlook.com,Floyd
530,Amber,Simmons,asimmons@live.com,Kirkland
531,Sebastian,Richardson,srichardson@aol.com,Kingston
532,Jennifer,Mitchell,jennifer.m@outlook.com,Dwight
533,Danielle,Russell,danielle95@ymail.com,Eglin AFB
534,Grace,Roberts,g_j_roberts@hotmail.com,Wassaic
535,Sarah,Scott,sarahsscott@ymail.com,Pittsfield
536,Aaron,Cooper,aaron.robert.cooper@aol.com,Central Square
537,Alexis,Moore,a_moore@gmail.com,Sacramento
538,Austin,Bennett,a.bennett@yahoo.com,San Francisco
539,James,Garcia,jrgarcia97@ymail.com,Evansville
540,William,Anderson,williamanderson@ymail.com,Trenton
541,Aiden,Johnson,aiden.henry.johnson@rocketmail.com,Birmingham
542,David,Garcia,david_garcia2@ymail.com,Rising City
543,Nathan,Torres,nrtorres@live.com,Saint Joseph
544,Henry,Parker,h.parker@hotmail.com,Lees Summit
545,John,Anderson,j.anderson@live.com,Rozel
546,Abigail,Kelly,abigail_kelly@aol.com,Las Cruces
547,Ethan,Bell,ethan.bell7@ymail.com,Greenwood
548,Christina,Butler,christinalee@rocketmail.com,Okahumpka
549,Dylan,Gray,dylan_david_gray@gmail.com,Eureka
550,Sofia,Clark,sofia_r_clark@gmail.com,Grafton
551,Samuel,Lopez,samuellopez37@outlook.com,Oilton
552,Richard,White,r.a.white@aol.com,Wyarno
553,Aaron,Gonzales,a_gonzales@rocketmail.com,Vergennes
554,Mary,Williams,m_williams@gmail.com,Big Oak Flat
555,Richard,Walker,richard_joseph_walker4@gmail.com,Colorado Springs
556,John,Campbell,johncampbell@aol.com,Loganville
557,Alexis,Wilson,awilson@hotmail.com,Aledo
558,Stephanie,Campbell,s_campbell@hotmail.com,Gambier
559,Jessica,Clark,jessicamaeclark@yahoo.com,Salisbury
560,Courtney,Evans,courtneyrevans@ymail.com,Braymer
561,Allison,Young,a_young79@gmail.com,Kimball
562,Maria,Young,m.young47@live.com,Cambridge
563,Stephen,James,stephen.james@live.com,Opdyke
564,Nicole,Cox,nicole.anne.cox@ymail.com,Weston
565,Erin,Jenkins,erin@yahoo.com,Secaucus
566,Megan,Patterson,meganpatterson@hotmail.com,Cayey
567,Anthony,Gonzales,a_gonzales@outlook.com,Jackson
568,Lauren,Murphy,laurenlmurphy@gmail.com,Glendora
569,Jack,Foster,j.foster@aol.com,Nashville
570,Kayla,Rogers,k_rogers@yahoo.com,Augusta
571,Austin,Thompson,austin_robert@hotmail.com,Covington
572,Steven,Howard,steven@outlook.com,Mico
573,Isaac,Peterson,i_peterson@live.com,Whitley City
574,Haley,Foster,haley_foster@outlook.com,Fairplains
575,Joseph,Long,joseph@aol.com,Chalk Hill
576,Nicholas,Thomas,n_thomas@ymail.com,Leary
577,Megan,Morris,mmorris@ymail.com,Memphis
578,Victoria,Phillips,v.m@ymail.com,Arlington
579,Amanda,Hughes,a.a.hughes@live.com,Mossy Head
580,Kimberly,Hernandez,kimberly_faith_hernandez3@yahoo.com,Cave Creek
581,Haley,Collins,haley_r@hotmail.com,Bakerstown
582,Brittany,Parker,b_r_parker24@yahoo.com,Taconite
583,Stephen,Davis,stephendavid@hotmail.com,Dundee
584,Haley,Murphy,haley_k_murphy@live.com,Claverack
585,Lauren,Jenkins,l.jenkins@gmail.com,Bradshaw
586,Tyler,Patterson,tyler.e.patterson@hotmail.com,Rosebush
587,Christopher,Garcia,christopherjohngarcia@yahoo.com,Chatom
588,Sara,Thompson,sathompson@gmail.com,Pfafftown
589,Tiffany,Gray,tiffany_f_gray@aol.com,Towanda
590,Jeremy,Anderson,jeremy.anderson@rocketmail.com,Jackson
591,Kevin,Smith,kevinmsmith@outlook.com,Carlton
592,Ethan,Reed,ethan.michael@outlook.com,Brooksville
593,Michelle,Baker,michelle.baker@yahoo.com,Nipton
594,Stephanie,Anderson,stephanie.anne.anderson29@hotmail.com,San Anselmo
595,Kevin,Ramirez,kevin.ray@aol.com,Madison
596,Rebecca,Watson,rebecca.irene.watson22@hotmail.com,Rossville
597,Joshua,Miller,joshua_anthony@outlook.com,Gaithersburg
598,Alexandra,Cook,a_cook@yahoo.com,Cutten
599,Heather,Allen,hallen@live.com,Washington
600,Isaac,Cook,isaac.michael.cook19@yahoo.com,Jacksonville
601,Courtney,Smith,courtney_l_smith@gmail.com,Weston
602,Jack,Harris,jack_francis_harris@yahoo.com,Lookout
603,Matthew,Davis,m_m_davis91@gmail.com,Roxana
604,Joshua,Brown,joshuabrown39@rocketmail.com,Guanica
605,Maria,Butler,m_m_butler@hotmail.com,Mize
606,Stephen,Phillips,stephen.alexander.phillips@gmail.com,Hale
607,Henry,Bennett,h_bennett@live.com,Beechmont
608,Courtney,Harris,ceharris@live.com,Bellflower
609,Gabriel,Martin,gabriel_w_martin@yahoo.com,Bakersville
610,Zachary,Martinez,zacharythomasmartinez@live.com,Duck Hill
611,Chelsea,Campbell,c_s_campbell14@aol.com,Liberty Grove
612,Alyssa,Perry,a.r.perry@gmail.com,Bloomington
613,Jonathan,Ramirez,jonathan.ramirez@hotmail.com,Stockton
614,Alexander,Edwards,alexanderedwards@ymail.com,Birmingham
615,Kyle,Howard,k_howard@aol.com,Hamilton
616,Tyler,Sanders,tyler.l.sanders@ymail.com,North Hyde Park
617,Christina,Lee,cl@live.com,Lafayette
618,Kelsey,Moore,kfmoore@gmail.com,Wilkes Barre
619,Rachel,Hughes,rachel_hughes@outlook.com,Brooklyn
620,Courtney,Nelson,courtney_mae_nelson@hotmail.com,Midland
621,Tiffany,Richardson,tiffany.richardson@outlook.com,Filion
622,Emily,Foster,e.foster73@gmail.com,Lake Butter
623,Joseph,Garcia,j.c.garcia@hotmail.com,Audubon
624,Kyle,King,k.m@live.com,Bartonsville
625,Sean,Gray,sean_e_gray88@live.com,Heppner
626,Robert,Robinson,robert_f@aol.com,Perryman
627,Richard,Brown,r_a_brown@gmail.com,Rock City Falls
628,Joshua,Baker,joshua.baker1@aol.com,Kansas City
629,Katherine,Richardson,k_richardson@rocketmail.com,Denton
630,Layla,Stewart,layla_j_stewart@hotmail.com,Zortman
631,William,Walker,william.walker@rocketmail.com,Lincoln Park
632,Samuel,Young,s_young@rocketmail.com,Las Vegas
633,Kaitlyn,Thompson,k_s@live.com,Lake Winola
634,Isabella,Wood,isabellawood@gmail.com,Little Neck
635,Michelle,Allen,mallen@outlook.com,Walnut Grove
636,Ryan,Hayes,rhayes@gmail.com,Celeste
637,Erin,James,erin_margaret@hotmail.com,Forest Park
638,Alyssa,Bailey,a.bailey@aol.com,Montrose
639,Isabella,Hill,isabella@aol.com,Shoreham
640,Courtney,Perez,courtney@rocketmail.com,Palmyra
641,Brittany,Bailey,brittany@aol.com,San Angelo
642,Sara,Perry,s_m_perry@outlook.com,Neenah
643,Rachel,Washington,rwashington@yahoo.com,Wells Bridge
644,Sarah,Mitchell,s.mitchell@live.com,Shawnee Mission
645,Michelle,Alexander,m.a.alexander87@gmail.com,Camden
646,Rebecca,Reed,rebecca_sue_reed@rocketmail.com,Presho
647,Isaac,Edwards,isaac_edwards@aol.com,El Paso
648,William,Morgan,william.robert.morgan@ymail.com,Buttzville
649,Melissa,Wright,melissawright@ymail.com,New York
650,Timothy,Reed,t_l_reed53@rocketmail.com,Camden On Gauley
651,Emily,Martinez,e.martinez@outlook.com,Waterbury
652,Ryan,Gonzales,ryan_gonzales@gmail.com,Redwood City
653,Gabriel,Simmons,gabrielrsimmons@ymail.com,Fay
654,Maria,Scott,maria_j_scott@gmail.com,Lewiston
655,Brian,Russell,brussell@gmail.com,High Island
656,Joseph,Brooks,j_brooks@aol.com,Laughlin
657,Jose,Foster,jose_foster71@gmail.com,Austin
658,Jack,Moore,j_moore@aol.com,Falls Church
659,Sarah,Henderson,smhenderson65@ymail.com,Theodore
660,Brian,Hayes,bhayes@outlook.com,Burkeville
661,Aubrey,Peterson,a_peterson@hotmail.com,Grace City
662,Megan,Perez,mn@rocketmail.com,Park Hills
663,Erin,Lopez,erinlou@yahoo.com,Winnetka
664,Patrick,Evans,p.evans@rocketmail.com,Martin
665,Melissa,King,melissa.l.king@live.com,Burbank
666,Anthony,Sanders,anthonyalansanders12@yahoo.com,Morgan Mill
667,Ava,Miller,avalouisemiller@outlook.com,Friedensburg
668,Emily,Lewis,emily@ymail.com,Brattleboro
669,Aubrey,Carter,acarter@live.com,Tampa
670,Kimberly,Jackson,km@gmail.com,White Plains
671,James,Lee,jameslee@live.com,Waggoner
672,Zachary,Brown,zachary.brown@hotmail.com,Indianapolis
673,Rebecca,Moore,rmoore55@yahoo.com,Seminole
674,Sarah,Harris,s.m.harris38@yahoo.com,Washington
675,Kyle,Watson,kyle.watson@live.com,Washingtonville
676,Laura,Wright,laurawright@ymail.com,Kirvin
677,Layla,Robinson,layla_a_robinson@rocketmail.com,Denmark
678,Christina,Long,c_r_long@gmail.com,Machipongo
679,Henry,James,h_t_james@aol.com,Jamaica
680,Isabella,Sanders,isanders@gmail.com,Ithaca
681,Amber,Green,amber_m_green@live.com,Fletcher
682,Nicole,Ross,nicolemross@rocketmail.com,Lyndon
683,David,Jenkins,d.a@outlook.com,Manchester
684,Chelsea,Hayes,chelseahayes@aol.com,Lane
685,Brandon,Reed,b.t.reed@gmail.com,Nashua
686,Isabella,Sanders,i.sanders@yahoo.com,Hines
687,Katherine,Williams,k_williams@outlook.com,Plumville
688,Erin,Ward,erinward82@yahoo.com,Bapchule
689,Nicole,Watson,nicole_watson@aol.com,Newburg
690,Robert,Adams,r.m.adams@ymail.com,Gulf
691,Anthony,Powell,a.powell@outlook.com,Alva
692,Benjamin,Foster,benjaminfoster84@ymail.com,Duplessis
693,Sean,Moore,seanmoore@rocketmail.com,Frederick
694,Aaron,Johnson,ajohnson@rocketmail.com,Walthourville
695,Natalie,Perez,ngperez88@rocketmail.com,Seattle
696,Victoria,Martin,v_l_martin@aol.com,Aroda
697,Victoria,Washington,victoriarwashington@gmail.com,Bells
698,Steven,Ross,sross@live.com,Okolona
699,Sophia,Anderson,s_m31@live.com,Big Sandy
700,Zachary,Hill,z.a.hill@yahoo.com,Hanover
701,Michelle,Simmons,michelle.a.simmons20@gmail.com,Mexia
702,Samantha,Butler,samantha_butler@gmail.com,Norwalk
703,Lauren,Adams,l_r_adams@yahoo.com,Ellwood City
704,Emma,Walker,e_walker@aol.com,Orange
705,Isaac,White,isaacleewhite35@aol.com,Pylesville
706,Thomas,Henderson,t_d@ymail.com,Manchester
707,Laura,Evans,l_e_evans@outlook.com,Upland
708,Ava,Taylor,a_taylor@yahoo.com,Campbellsport
709,Andrew,Coleman,a.coleman@outlook.com,Los Angeles
710,Brianna,Long,brianna.long@outlook.com,Rocky Ford
711,Alexis,Butler,alexis_butler@hotmail.com,Pacolet
712,Taylor,Collins,t_collins@gmail.com,Llano
713,Joshua,Gray,joshuagray@outlook.com,Fort Klamath
714,Anna,Davis,a_davis@hotmail.com,Trinidad
715,Claire,Flores,claire_mae_flores@gmail.com,York Haven
716,Aaron,Reed,aaron@hotmail.com,Stamford
717,Mark,Russell,mark.a.russell51@aol.com,Elizabeth City
718,Kayla,Diaz,k_a_diaz@rocketmail.com,Pemaquid
719,Courtney,Morris,c.morris@outlook.com,Indiahoma
720,Brittany,Flores,brittany.dawn.flores@gmail.com,Vestaburg
721,Aaron,Butler,a_t_butler@aol.com,Allegany
722,Gabriel,Brooks,gabrielbrooks26@gmail.com,Des Moines
723,Amanda,Peterson,amanda_mae_peterson@ymail.com,Orange Park
724,Alexander,Price,aprice@gmail.com,Hurley
725,Christina,Jenkins,christina_jenkins34@gmail.com,Cranberry Isles
726,Ethan,Peterson,epeterson@outlook.com,Tangier
727,Alexis,Davis,alexisdavis@live.com,Hailesboro
728,Matthew,Rogers,matthewm@yahoo.com,Ransom
729,Amelia,Foster,amelia_may_foster@outlook.com,McClure
730,Joshua,Allen,joshua_allen99@aol.com,Hamburg
731,Austin,Torres,a.torres@rocketmail.com,Saint Louis
732,James,Hill,jhill@outlook.com,Rosenberg
733,Natalie,Watson,n.r.watson@yahoo.com,Canaan
734,Katherine,Cook,k.r.cook80@outlook.com,Reva
735,Heather,Morris,heather.morris@outlook.com,Moorland
736,Justin,Flores,justin_flores99@yahoo.com,Kennett
737,Courtney,Ramirez,c.ramirez@ymail.com,Washington
738,Maria,Griffin,maria@yahoo.com,Crofton
739,Ethan,Rogers,erogers@outlook.com,Cambridge
740,Jonathan,Martinez,jmartinez@aol.com,North Wales
741,Timothy,Perez,ttperez2@aol.com,Arlington
742,Haley,Price,h_m_price@yahoo.com,Canova
743,Eric,Green,eric.scott.green32@ymail.com,Robeson
744,Owen,Hernandez,owen.andrew.hernandez@outlook.com,Pinedale
745,Erin,Ross,erinjross@ymail.com,Winchester
746,Alexander,Bryant,a_bryant@aol.com,Harlem
747,Richard,Garcia,rgarcia@hotmail.com,Hufsmith
748,Layla,Griffin,l.d.griffin@hotmail.com,Jackson
749,Erin,Torres,emtorres@ymail.com,Lake Lure
750,Kelsey,Campbell,klcampbell@yahoo.com,Perryville
751,Robert,Bryant,robertdbryant@rocketmail.com,Trenton
752,Haley,Long,haleyelizabethlong@ymail.com,Culp Creek
753,Nicole,Flores,nicole.s.flores@outlook.com,Datto
754,Olivia,Davis,olivia.jean@ymail.com,Whitehall
755,Chelsea,White,chelsea_rose_white@hotmail.com,Washington
756,Richard,Flores,r.flores@outlook.com,Charenton
757,Benjamin,Miller,b.miller@outlook.com,Glover
758,Anthony,Murphy,anthonymurphy@ymail.com,Evansville
759,Layla,Miller,l_l_miller@hotmail.com,Oklahoma City
760,Alexis,Stewart,alexisstewart56@yahoo.com,Chelsea
761,Owen,Hughes,othughes@outlook.com,Camden
762,Aubrey,Rogers,aubreyelizabethrogers@live.com,Santee
763,Joshua,Taylor,j_r_taylor50@hotmail.com,Belzoni
764,Theodore,White,t_f_white@live.com,Wittman
765,Taylor,Roberts,t.d@rocketmail.com,Hawk Springs
766,Brittany,Williams,brittany.williams@live.com,Rockwood
767,Andrew,Henderson,andrew.edward@rocketmail.com,Herington
768,Lauren,Adams,laurenadams@hotmail.com,Mequon
769,Amelia,Cooper,a_cooper78@aol.com,Waco
770,Christina,Bennett,christinabennett@rocketmail.com,Johnstown
771,Ava,Hayes,avarosehayes@ymail.com,Federal Way
772,Victoria,Hayes,v.hayes@outlook.com,Moriah Center
773,Melissa,Edwards,medwards@ymail.com,Fallon
774,James,Hernandez,james.hernandez96@live.com,Woodville
775,Adam,Lopez,a_d@yahoo.com,Schenectady
776,Dylan,Cook,dylan.cook@rocketmail.com,New Haven
777,Elizabeth,Wright,elizabethr@outlook.com,Marshall
778,Courtney,Parker,c_m_parker@live.com,White Hall
779,Grace,Richardson,grace.richardson@outlook.com,Oklahoma City
780,Jose,Allen,jose@hotmail.com,Southwest Harbor
781,Joshua,Nelson,joshua.nelson@outlook.com,White Cottage
782,Jack,Coleman,jtcoleman@rocketmail.com,Mukilteo
783,Aaron,Kelly,aaron.kelly@gmail.com,Mansfield
784,Brandon,Washington,b_washington@rocketmail.com,Avon Park
785,Justin,Howard,justin_l36@hotmail.com,Spring Garden
786,Christina,Bell,c.f.bell@yahoo.com,Bartlett
787,Matthew,Green,matthewagreen56@aol.com,Los Fresnos
788,Amelia,Hayes,ameliajanehayes@gmail.com,Rugby
789,Joshua,Baker,joshua_baker@live.com,Max Meadows
790,Ethan,Gonzales,e.gonzales@yahoo.com,Avilla
791,Natalie,White,natalie_white@yahoo.com,Emory
792,Samuel,Cooper,s_m_cooper@outlook.com,Talmoon
793,Mary,Bailey,mary.a.bailey@ymail.com,Fulks Run
794,Joseph,Morris,j_a@outlook.com,Seaforth
795,Ryan,Stewart,r_j@ymail.com,Newark
796,Amanda,Murphy,amandamurphy18@hotmail.com,Melrose
797,Robert,Griffin,r_griffin@rocketmail.com,Dallas
798,Julian,Long,julianray@yahoo.com,Johnson
799,Richard,Foster,richard_r@ymail.com,Pasadena
800,Daniel,Turner,dwturner@aol.com,Brooksville
801,Jack,Turner,jack@rocketmail.com,Langdon
802,Emma,Perry,emma.sue.perry@yahoo.com,Jones
803,Brandon,Clark,brandonrobert@rocketmail.com,Torrance
804,Owen,Simmons,o.simmons@aol.com,East Carondelet
805,Christopher,Green,ccgreen@aol.com,Oakham
806,Hannah,Diaz,hannah.m.diaz@rocketmail.com,Farmington
807,Ethan,Lopez,ethan.lopez22@aol.com,Dana
808,Charlotte,White,charlottewhite@ymail.com,Birmingham
809,Ethan,Price,ethan@outlook.com,Williamstown
810,Nicole,Rodriguez,n.k.rodriguez@outlook.com,Clinton
811,Jasmine,Jenkins,jasmine_r_jenkins@outlook.com,Countyline
812,Sebastian,Perez,s_perez@ymail.com,Chester
813,Robert,Simmons,r.simmons@gmail.com,Newdale
814,Kayla,Coleman,kaylam@ymail.com,Tropic
815,Laura,Young,ls@yahoo.com,Cement City
816,Tyler,Turner,t_turner@ymail.com,Whitmore Lake
817,Charles,Davis,charles.davis@live.com,Waxhaw
818,Sara,Mitchell,s.mitchell@aol.com,Hollywood
819,Kelsey,Roberts,kelseyreneeroberts2@live.com,Minneapolis
820,Layla,Mitchell,layla.k.mitchell@gmail.com,Greenville
821,Brianna,Mitchell,bmitchell@aol.com,Rowlett
822,Claire,Mitchell,c_j_mitchell@yahoo.com,Bellingham
823,Michael,White,m_white@hotmail.com,McKeesport
824,Kevin,Young,k.t@gmail.com,Middletown
825,Abigail,Price,abigail_michelle@live.com,Seal Beach
826,Charlotte,Howard,c_howard@yahoo.com,Bealeton
827,Brandon,Green,b_green@aol.com,Montgomery
828,Brandon,Clark,bclark@aol.com,Cincinnati
829,Sarah,Thompson,sarah.sue.thompson@ymail.com,Jerome
830,Abigail,Garcia,abigail_garcia@outlook.com,Washington
831,Sean,Perez,sperez2@aol.com,New York
832,Alyssa,Robinson,a.robinson17@outlook.com,Kingman
833,Heather,Hall,h_d_hall@ymail.com,Phoenix
834,Benjamin,Young,benjamin_g_young53@yahoo.com,Argyle
835,Tiffany,Reed,tiffany.may.reed@hotmail.com,Big Bend National Park
836,Anna,Gonzales,a_n_gonzales@live.com,Augusta
837,Alexander,White,alexander25@rocketmail.com,Belleville
838,Ryan,James,ryan_james@yahoo.com,Atlanta
839,Joseph,Mitchell,jmmitchell@ymail.com,Calvary
840,Owen,Mitchell,owen.john.mitchell@outlook.com,Sunnyside
841,Patrick,Flores,p_flores@yahoo.com,Rossiter
842,David,Johnson,david_john_johnson@aol.com,Ruckersville
843,Alexandra,Johnson,alexandra_m_johnson48@outlook.com,Detroit
844,Robert,Ramirez,robertjramirez@outlook.com,Nahunta
845,Isabella,Thomas,isabella@live.com,Orlando
846,Haley,Peterson,haleyannpeterson@aol.com,Sophia
847,Aiden,Morgan,aiden.morgan@hotmail.com,Powers Lake
848,Christina,Adams,cmadams@aol.com,Cosby
849,Anna,Rivera,anna@ymail.com,Eland
850,Erin,Flores,eflores@rocketmail.com,Lake Leelanau
851,Tyler,Reed,t_reed@outlook.com,Wortham
852,Christina,Walker,christina_d_walker51@hotmail.com,Fresno
853,Theodore,Nelson,theodore.wayne.nelson@rocketmail.com,Peachtree City
854,Andrew,Rogers,andrewarogers@live.com,Elliott
855,Olivia,Morris,olivia_morris2@ymail.com,Axtell
856,Sarah,Richardson,s_l_richardson@ymail.com,Marble Canyon
857,Jonathan,Ross,jonathan.c.ross@outlook.com,Tobias
858,Lauren,Simmons,lauren_l_simmons50@yahoo.com,Paris
859,Jack,Rogers,jackrogers@hotmail.com,Stanleytown
860,Amber,Collins,ambermaycollins@ymail.com,Belvidere
861,Kyle,Washington,kyle_h_washington@rocketmail.com,Martinsville
862,Eleanor,Hall,eleanor_m_hall63@gmail.com,Gilchrist
863,Allison,Miller,amiller53@aol.com,Springville
864,Jeremy,Howard,jeremy@rocketmail.com,Jeffrey City
865,Justin,Campbell,justin90@aol.com,Otto
866,Dylan,Williams,d_m_williams@gmail.com,Arcadia
867,Christopher,Wilson,cwilson@gmail.com,Elsie
868,Evelyn,Murphy,e.murphy@live.com,Pleasantville
869,Dylan,Alexander,da@yahoo.com,Nordland
870,Brandon,Henderson,brandon@rocketmail.com,Brockport
871,Samuel,Griffin,s.griffin@live.com,Gile
872,Evelyn,Mitchell,e.mitchell@yahoo.com,Delray
873,Brandon,Bell,brandon.t.bell@yahoo.com,Flint
874,Zachary,Morris,zmorris@rocketmail.com,Grand Valley
875,Emma,Bryant,emmakbryant@hotmail.com,Massena
876,Mateo,Adams,m.e.adams@outlook.com,Oxnard
877,Matthew,Miller,memiller@outlook.com,Scandinavia
878,Rachel,Bennett,rachel.faith.bennett18@yahoo.com,Acton
879,Sebastian,Simmons,ssimmons@hotmail.com,Lansdowne
880,Matthew,Cox,mr@hotmail.com,Rockville
881,John,Butler,john_david@yahoo.com,Atlanta
882,Claire,Sanders,claire_m_sanders@gmail.com,Pope
883,Aiden,Washington,awashington@rocketmail.com,Canada
884,Andrew,Turner,a_j@outlook.com,Glencoe
885,Joshua,Williams,joshua.john.williams@yahoo.com,Benzonia
886,Sean,White,seanwhite@yahoo.com,Buena Vista
887,Amelia,Powell,amelia.powell@outlook.com,Cowdrey
888,Adam,Johnson,a.s.johnson5@live.com,Glen Spey
889,Dylan,Nelson,dylan_j97@gmail.com,Elk Point
890,Nicholas,Jackson,nicholasjackson@ymail.com,Jackson
891,Laura,Washington,lauramariewashington@gmail.com,Monterville
892,Nathan,Green,ngreen47@aol.com,Suffolk
893,Michael,Reed,mreed@hotmail.com,Frontier
894,Abigail,Sanders,abigail_l_sanders@outlook.com,New York
895,Brian,Powell,brian.powell@aol.com,Byron
896,Haley,Rodriguez,h.rodriguez@outlook.com,Fort Huachuca
897,Hannah,Russell,hannah_r_russell@gmail.com,Omaha
898,Owen,Rodriguez,owen_anthony_rodriguez@hotmail.com,Roanoke
899,Alexander,Perez,a.perez@outlook.com,San Francisco
900,Alexis,Sanchez,alexissanchez@ymail.com,Bakersfield
901,Alexander,Simmons,a_simmons40@gmail.com,Cranford
902,Ava,Kelly,avam@rocketmail.com,Ochopee
903,Jessica,Davis,j_davis@yahoo.com,Shreveport
904,Nicole,James,n.r.james@aol.com,Fannin
905,Laura,Taylor,lntaylor@yahoo.com,East Candia
906,Oliver,Clark,o_clark@rocketmail.com,Berrysburg
907,Austin,Hayes,austin.hayes@gmail.com,Oklahoma City
908,Anthony,Flores,a_a_flores48@outlook.com,Nassau
909,Theodore,King,theodore_king31@gmail.com,Mesa
910,Haley,Peterson,haley_jean_peterson@gmail.com,Derby
911,Ashley,Phillips,aiphillips@gmail.com,Skippack
912,Ava,Flores,arflores@aol.com,Albany
913,Benjamin,Reed,benjamin_reed25@rocketmail.com,Cape Neddick
914,Timothy,Scott,t_scott@ymail.com,Potrero
915,Katherine,Lopez,krlopez@rocketmail.com,Needles
916,Theodore,Rogers,t.w.rogers@gmail.com,Morganza
917,Julian,Torres,jtorres@outlook.com,Claude
918,Joshua,Butler,joshua_w_butler@hotmail.com,Linneus
919,Heather,Rodriguez,heatherrodriguez@hotmail.com,Dixie
920,Austin,Edwards,a_edwards@hotmail.com,San Fernando
921,Kelsey,Coleman,k_a_coleman@gmail.com,Black Creek
922,Brian,Collins,brcollins@outlook.com,Las Marias
923,Michael,Campbell,michaeljcampbell61@live.com,Lluveras
924,Layla,Green,l.green57@yahoo.com,Queens Village
925,Charlotte,Henderson,charlotte_henderson60@ymail.com,Miami
926,Timothy,Mitchell,timothymitchell@aol.com,Oxon Hill
927,Michael,Cooper,michael.james@aol.com,Camden
928,Layla,Lopez,layla.lopez@ymail.com,Hagaman
929,Sebastian,Brooks,s.brooks@gmail.com,Sebring
930,Theodore,Watson,theodore@ymail.com,Mounds
931,Robert,Watson,r.m.watson@rocketmail.com,North Windham
932,Chelsea,Campbell,c_campbell@aol.com,Ennis
933,Nicole,James,n_m_james@aol.com,Botkins
934,Elizabeth,Bell,elizabeth_bell@rocketmail.com,Mingus
935,Sean,Bennett,sean_bennett@yahoo.com,Jefferson City
936,Lauren,Murphy,l.a97@yahoo.com,Wallace
937,Alexis,Scott,a_scott47@outlook.com,Las Vegas
938,Sebastian,Rodriguez,sebastianrodriguez@rocketmail.com,Garland
939,Eric,James,e.a.james@ymail.com,Long Green
940,Sofia,Washington,s.m.washington@outlook.com,Bloomington
941,Jasmine,Sanders,jasminesanders@aol.com,Cairo
942,Tiffany,Murphy,tiffanymurphy@aol.com,Davis
943,Tiffany,Watson,tiffany.ruth.watson@gmail.com,Ledyard
944,Alexandra,Ramirez,a_ramirez@yahoo.com,Gary
945,Emma,Clark,eclark65@yahoo.com,Mondovi
946,Amanda,Bell,amandarbell41@hotmail.com,Staten Island
947,Anna,Edwards,aedwards@hotmail.com,Kansas City
948,Ethan,Sanders,ethan@ymail.com,Mount Cory
949,John,Mitchell,j.mitchell@yahoo.com,Koeltztown
950,Laura,Henderson,l_henderson@gmail.com,Albertville
951,Andrew,Phillips,aphillips@hotmail.com,Upper Uwchlan
952,Steven,Rivera,stevenandrewrivera93@ymail.com,Castlewood
953,Benjamin,Perry,benjamin.perry@yahoo.com,Long Beach
954,Natalie,Russell,natalieleerussell@aol.com,Clemson
955,Lillian,Richardson,lillian.marie.richardson@live.com,Fresno
956,Haley,Reed,hmreed@yahoo.com,Mooreton
957,John,Russell,j_russell@rocketmail.com,Searcy
958,Katherine,Scott,k_scott@gmail.com,New Salem
959,John,Smith,john.e.smith@hotmail.com,San Diego
960,Jonathan,Scott,jonathanscott@ymail.com,Bodines
961,Kelsey,Turner,keturner@live.com,Paxinos
962,Brianna,Cox,bjcox@outlook.com,Falls City
963,Jeremy,Smith,jeremy.smith@aol.com,York New Salem
964,Thomas,Washington,t.m.washington22@rocketmail.com,South Bend
965,Ryan,Morris,r.w@hotmail.com,Tipton
966,Victoria,Evans,victoriaevans@rocketmail.com,Schuyler
967,Melissa,Parker,melissa_parker64@gmail.com,San Marcos
968,Tyler,Thompson,tyler_thompson@ymail.com,Oshkosh
969,Henry,Thomas,h.a@aol.com,Buckhead
970,Charlotte,Gonzales,charlotte_g_gonzales@aol.com,Millington
971,Ryan,Diaz,r.a.diaz@yahoo.com,Austin
972,Kaitlyn,Cooper,k_r_cooper@outlook.com,Buckingham
973,Joshua,Jenkins,j.jenkins@rocketmail.com,Chaplin
974,Maria,Martinez,marianicolemartinez@outlook.com,Suplee
975,Nicole,Simmons,n.m@hotmail.com,Winside
976,Patrick,Smith,patricksmith15@hotmail.com,Mozier
977,Evelyn,Powell,er@ymail.com,Montgomery City
978,Aubrey,Bryant,aubrey.jean.bryant@rocketmail.com,Albemarle
979,Laura,Butler,laura.j.butler@rocketmail.com,Taberg
980,Sophia,Bennett,sophia_bennett20@aol.com,Fairdale
981,Rebecca,Williams,rwilliams@ymail.com,Londonderry
982,Layla,Garcia,l_d_garcia75@rocketmail.com,Burlington
983,Theodore,Henderson,t.r.henderson@outlook.com,Glenwood
984,Eric,Howard,e.m.howard@aol.com,Upper Marlboro
985,Joshua,Walker,j_walker98@gmail.com,Pukwana
986,Mateo,Edwards,medwards@outlook.com,Roby
987,Maria,King,m.e.king63@ymail.com,Baldwinville
988,Eleanor,Roberts,e_m_roberts@gmail.com,Climax
989,Brian,Richardson,brianrichardson@ymail.com,Ashburn
990,Mateo,Wood,m_a_wood@ymail.com,Olema
991,Isaac,Brooks,isaac.brooks@gmail.com,Palm Bay
992,Melissa,Bell,melissa.bell@live.com,Monmouth
993,Thomas,Jenkins,thomas_jenkins@outlook.com,Clallam Bay
994,Grace,Butler,gracebutler@gmail.com,Grand Forks
995,Ava,Powell,avapowell@rocketmail.com,Winneconne
996,Michael,Robinson,michaelrobinson@yahoo.com,Devine
997,Jessica,Torres,jessica.lynn.torres74@ymail.com,Ellington
998,Mark,Perez,markeperez@outlook.com,Port Washington
999,Thomas,Evans,thomas.evans34@hotmail.com,Alamosa
1000,Joshua,Walker,joshua@rocketmail.com,Newcomb
